Model,E_test_Accuracy
"ANN,""{0: (0.7142857313156128, 7), 1: (0.7142857313156128, 7), 2: (0.5, 6), 3: (0.3333333432674408, 6), 4: (0.8333333134651184, 6), 5: (0.5, 2)}"""
"CNN,""{0: (0.4285714328289032, 7), 1: (0.5714285969734192, 7), 2: (0.5, 6), 3: (0.5, 6), 4: (0.5, 6), 5: (1.0, 2)}"""
"SVM,""{0: (0.5714285714285714, 7), 1: (0.5714285714285714, 7), 2: (0.5, 6), 3: (0.5, 6), 4: (1.0, 6), 5: (1.0, 2)}"""
"Baseline,""{0: (0.5714285714285714, 7), 1: (0.5714285714285714, 7), 2: (0.5, 6), 3: (0.5, 6), 4: (0.5, 6), 5: (1.0, 2)}"""
