{
  "dark_noise": {
    "0": [
      2.217727114839363e-05,
      1.281378459642189e-05,
      2.1618234313791618e-05,
      1.3419929870302495e-05
    ],
    "1": [
      1.6279533383567468e-05,
      1.076529809131506e-05,
      1.6659859056744608e-05,
      1.076331461919681e-05
    ],
    "2": [
      2.171413370888331e-05,
      1.178085759105323e-05,
      2.1050204850325827e-05,
      1.178150339054322e-05
    ],
    "3": [
      3.291327402621391e-05,
      9.942104282545417e-06,
      3.9618303162569646e-05,
      1.4944856353846998e-05
    ],
    "4": [
      1.890010025817901e-05,
      8.080956885133869e-06,
      1.5076270756253507e-05,
      9.280673076039093e-06
    ],
    "5": [
      2.691561348910909e-05,
      1.2586474640189325e-05,
      2.0284080619603628e-05,
      1.0346480822772797e-05
    ],
    "6": [
      1.70503165008995e-05,
      8.776606586410223e-06,
      1.6831567108965828e-05,
      1.023255108068672e-05
    ],
    "7": [
      2.0415779999893857e-05,
      1.0833970870534957e-05,
      1.4788510043217684e-05,
      9.840138979253552e-06
    ],
    "8": [
      2.0415779999893857e-05,
      1.0833970870534957e-05,
      1.4788510043217684e-05,
      9.840138979253552e-06
    ],
    "9": [
      2.0415779999893857e-05,
      1.0833970870534957e-05,
      1.4788510043217684e-05,
      9.840138979253552e-06
    ],
    "10": [
      2.0415779999893857e-05,
      1.0833970870534957e-05,
      1.4788510043217684e-05,
      9.840138979253552e-06
    ],
    "11": [
      2.0415779999893857e-05,
      1.0833970870534957e-05,
      1.4788510043217684e-05,
      9.840138979253552e-06
    ],
    "12": [
      2.0415779999893857e-05,
      1.0833970870534957e-05,
      1.4788510043217684e-05,
      9.840138979253552e-06
    ],
    "13": [
      2.0415779999893857e-05,
      1.0833970870534957e-05,
      1.4788510043217684e-05,
      9.840138979253552e-06
    ],
    "14": [
      2.0415779999893857e-05,
      1.0833970870534957e-05,
      1.4788510043217684e-05,
      9.840138979253552e-06
    ]
  },
  "amplitudes": [
    [
      0.01674228231422603,
      0.05016851704567671
    ],
    [
      0.01333505380898714,
      0.02464677207171917
    ],
    [
      0.013041640631854534,
      0.03522299928590655
    ],
    [
      0.000938861703616567,
      0.001900631032185629
    ],
    [
      0.20397995485528952,
      0.5999999999999999
    ],
    [
      0.01899565143672334,
      0.0376745529382205
    ],
    [
      0.31824793092589415,
      0.6
    ],
    [
      0.3364663012894492,
      0.3835189060218219
    ],
    [
      0.006866364274173975,
      0.01821701996959746
    ],
    [
      0.3272510692477226,
      0.5491225048899651
    ],
    [
      0.022512740270084097,
      0.048310204870678906
    ],
    [
      0.4944821690611793,
      0.6
    ],
    [
      0.015783268167038986,
      0.04083658709063893
    ],
    [
      0.3192605695858274,
      0.6
    ],
    [
      0.007492824806831777,
      0.028099026530981064
    ],
    [
      0.011435054475441575,
      0.026692338287830353
    ]
  ],
  "signal_quality": [
    {
      "level": 3,
      "saturated": false,
      "xtalk": false
    },
    {
      "level": 3,
      "saturated": false,
      "xtalk": false
    },
    {
      "level": 3,
      "saturated": false,
      "xtalk": false
    },
    {
      "level": 2,
      "saturated": false,
      "xtalk": false
    },
    {
      "level": 3,
      "saturated": false,
      "xtalk": false
    },
    {
      "level": 3,
      "saturated": false,
      "xtalk": false
    },
    {
      "level": 3,
      "saturated": false,
      "xtalk": false
    },
    {
      "level": 3,
      "saturated": false,
      "xtalk": false
    },
    {
      "level": 3,
      "saturated": false,
      "xtalk": false
    },
    {
      "level": 3,
      "saturated": false,
      "xtalk": false
    },
    {
      "level": 3,
      "saturated": false,
      "xtalk": false
    },
    {
      "level": 3,
      "saturated": false,
      "xtalk": false
    },
    {
      "level": 3,
      "saturated": false,
      "xtalk": false
    },
    {
      "level": 3,
      "saturated": false,
      "xtalk": false
    },
    {
      "level": 3,
      "saturated": false,
      "xtalk": false
    },
    {
      "level": 3,
      "saturated": false,
      "xtalk": false
    }
  ],
  "coefficient_of_variation": [
    [
      0.272166677807858,
      0.32820329050599456
    ],
    [
      2.3813336062107617,
      2.4118945002146583
    ],
    [
      0.2634622465405012,
      0.38164279467688933
    ],
    [
      3.977516658356959,
      5.088603155001954
    ],
    [
      0.38312077705416675,
      0.3361278911845479
    ],
    [
      6.3119421481142,
      6.500151691662784
    ],
    [
      0.32186301020192915,
      0.5045956353109485
    ],
    [
      0.5690437455622416,
      0.3952323153994821
    ],
    [
      1.8008890843005037,
      1.9985461889541878
    ],
    [
      3.041890702013694,
      3.2481937995153105
    ],
    [
      1.943032728003756,
      2.0284095068112915
    ],
    [
      3.371207662146233,
      2.6228042736983213
    ],
    [
      0.8641526038845638,
      0.6996370299154944
    ],
    [
      1.6301754256508043,
      1.615513374841372
    ],
    [
      0.7219660870374183,
      0.7292860788385215
    ],
    [
      3.2202961132166523,
      4.255354545844834
    ]
  ]
}