Model,E_test_Accuracy
ANN,"{0: (0.5862069129943848, 29, array([[ 7,  8],
       [ 4, 10]], dtype=int64)), 1: (0.4583333432674408, 48, array([[12, 12],
       [14, 10]], dtype=int64)), 2: (0.5106382966041565, 47, array([[ 3, 20],
       [ 3, 21]], dtype=int64)), 3: (0.4791666567325592, 48, array([[20,  4],
       [21,  3]], dtype=int64)), 4: (0.375, 48, array([[11, 13],
       [17,  7]], dtype=int64)), 5: (0.5151515007019043, 33, array([[ 5, 10],
       [ 6, 12]], dtype=int64)), 6: (0.5625, 48, array([[18,  6],
       [15,  9]], dtype=int64))}"
