Model,E_test_Accuracy
SVM,"{0: (0.43333333333333335, 90, array([[30,  0],
       [51,  9]], dtype=int64)), 1: (0.6111111111111112, 90, array([[22,  8],
       [27, 33]], dtype=int64)), 2: (0.5909090909090909, 22, array([[6, 1],
       [8, 7]], dtype=int64)), 3: (0.6521739130434783, 46, array([[12,  7],
       [ 9, 18]], dtype=int64)), 4: (0.8555555555555555, 90, array([[19, 11],
       [ 2, 58]], dtype=int64))}"
