Model,E_test_Accuracy
SVM,"{0: (0.4444444444444444, 90, array([[30,  0],
       [50, 10]], dtype=int64)), 1: (0.6111111111111112, 90, array([[22,  8],
       [27, 33]], dtype=int64)), 2: (0.6363636363636364, 22, array([[7, 0],
       [8, 7]], dtype=int64)), 3: (0.6956521739130435, 46, array([[14,  5],
       [ 9, 18]], dtype=int64)), 4: (0.8555555555555555, 90, array([[19, 11],
       [ 2, 58]], dtype=int64))}"
