Model,E_test_Accuracy
ANN,"{0: (0.4555555582046509, 90, array([[ 3, 27],
       [22, 38]], dtype=int64)), 1: (0.4444444477558136, 90, array([[ 9, 21],
       [29, 31]], dtype=int64)), 2: (0.6818181872367859, 22, array([[ 3,  4],
       [ 3, 12]], dtype=int64)), 3: (0.41304346919059753, 46, array([[17,  2],
       [25,  2]], dtype=int64)), 4: (0.35555556416511536, 90, array([[14, 16],
       [42, 18]], dtype=int64))}"
