Model,E_test_Accuracy
SVM,"{0: (0.43333333333333335, 90, array([[30,  0],
       [51,  9]], dtype=int64)), 1: (0.6111111111111112, 90, array([[22,  8],
       [27, 33]], dtype=int64)), 2: (0.6363636363636364, 22, array([[7, 0],
       [8, 7]], dtype=int64)), 3: (0.7608695652173914, 46, array([[17,  2],
       [ 9, 18]], dtype=int64)), 4: (0.8555555555555555, 90, array([[19, 11],
       [ 2, 58]], dtype=int64))}"
ANN,"{0: (0.699999988079071, 90, array([[27,  3],
       [24, 36]], dtype=int64)), 1: (0.6777777671813965, 90, array([[20, 10],
       [19, 41]], dtype=int64)), 2: (0.8181818127632141, 22, array([[ 5,  2],
       [ 2, 13]], dtype=int64)), 3: (0.739130437374115, 46, array([[14,  5],
       [ 7, 20]], dtype=int64)), 4: (0.855555534362793, 90, array([[20, 10],
       [ 3, 57]], dtype=int64))}"
Baseline,"{0: (0.6666666666666666, 90, array([[ 0, 30],
       [ 0, 60]])), 1: (0.6666666666666666, 90, array([[ 0, 30],
       [ 0, 60]])), 2: (0.6818181818181818, 22, array([[ 0,  7],
       [ 0, 15]])), 3: (0.5869565217391305, 46, array([[ 0, 19],
       [ 0, 27]])), 4: (0.6666666666666666, 90, array([[ 0, 30],
       [ 0, 60]]))}"
CNN,"{0: (0.6777777671813965, 90, array([[ 1, 29],
       [ 2, 58]], dtype=int64)), 1: (0.6555555462837219, 90, array([[ 4, 26],
       [13, 47]], dtype=int64)), 2: (0.5909090638160706, 22, array([[ 4,  3],
       [12,  3]], dtype=int64)), 3: (0.5869565010070801, 46, array([[ 0, 19],
       [ 0, 27]], dtype=int64)), 4: (0.6777777671813965, 90, array([[ 0, 30],
       [ 3, 57]], dtype=int64))}"
