Model,E_test_Accuracy
ANN,"{0: (0.5517241358757019, 29, array([[7, 8],
       [5, 9]], dtype=int64)), 1: (0.4375, 48, array([[11, 13],
       [14, 10]], dtype=int64)), 2: (0.5348837375640869, 43, array([[ 3, 18],
       [ 2, 20]], dtype=int64)), 3: (0.4583333432674408, 48, array([[20,  4],
       [22,  2]], dtype=int64)), 4: (0.4166666567325592, 48, array([[12, 12],
       [16,  8]], dtype=int64)), 5: (0.5151515007019043, 33, array([[ 5, 10],
       [ 6, 12]], dtype=int64)), 6: (0.5416666865348816, 48, array([[18,  6],
       [16,  8]], dtype=int64))}"
