Model,E_test_Accuracy
ANN,"{0: (0.7555555555555555, 90, array([[29,  1],
       [21, 39]], dtype=int64)), 1: (0.6888888888888889, 90, array([[25,  5],
       [23, 37]], dtype=int64)), 2: (0.8181818181818182, 22, array([[ 6,  1],
       [ 3, 12]], dtype=int64)), 3: (0.7608695652173914, 46, array([[15,  4],
       [ 7, 20]], dtype=int64)), 4: (0.8888888888888888, 90, array([[22,  8],
       [ 2, 58]], dtype=int64))}"
Baseline,"{0: (0.6666666666666666, 90, array([[ 0, 30],
       [ 0, 60]])), 1: (0.6666666666666666, 90, array([[ 0, 30],
       [ 0, 60]])), 2: (0.6818181818181818, 22, array([[ 0,  7],
       [ 0, 15]])), 3: (0.5869565217391305, 46, array([[ 0, 19],
       [ 0, 27]])), 4: (0.6666666666666666, 90, array([[ 0, 30],
       [ 0, 60]]))}"
CNN,"{0: (0.7222222089767456, 90, array([[ 3, 27],
       [ 4, 56]], dtype=int64)), 1: (0.6888889074325562, 90, array([[ 8, 22],
       [14, 46]], dtype=int64)), 2: (0.8636363744735718, 22, array([[ 3,  4],
       [ 5, 10]], dtype=int64)), 3: (0.5869565010070801, 46, array([[ 0, 19],
       [ 0, 27]], dtype=int64)), 4: (0.6666666865348816, 90, array([[ 0, 30],
       [ 0, 60]], dtype=int64))}"
SVM,"{0: (0.43333333333333335, 90, array([[30,  0],
       [51,  9]], dtype=int64)), 1: (0.6, 90, array([[23,  7],
       [29, 31]], dtype=int64)), 2: (0.5909090909090909, 22, array([[6, 1],
       [8, 7]], dtype=int64)), 3: (0.6521739130434783, 46, array([[12,  7],
       [ 9, 18]], dtype=int64)), 4: (0.8555555555555555, 90, array([[19, 11],
       [ 2, 58]], dtype=int64))}"
