Model,E_test_Accuracy
ANN,"{0: (0.6555555555555556, 90, array([[28,  2],
       [29, 31]], dtype=int64)), 1: (0.6666666666666666, 90, array([[21,  9],
       [21, 39]], dtype=int64)), 2: (0.7727272727272727, 22, array([[ 6,  1],
       [ 4, 11]], dtype=int64)), 3: (0.717391304347826, 46, array([[14,  5],
       [ 8, 19]], dtype=int64)), 4: (0.8777777777777778, 90, array([[19, 11],
       [ 0, 60]], dtype=int64))}"
Baseline,"{0: (0.6666666666666666, 90, array([[ 0, 30],
       [ 0, 60]])), 1: (0.6666666666666666, 90, array([[ 0, 30],
       [ 0, 60]])), 2: (0.6818181818181818, 22, array([[ 0,  7],
       [ 0, 15]])), 3: (0.5869565217391305, 46, array([[ 0, 19],
       [ 0, 27]])), 4: (0.6666666666666666, 90, array([[ 0, 30],
       [ 0, 60]]))}"
