Evaluation,Model,Parameter,Accuracy
1,SVM,"kernel=rbf, C=1000000.0, gamma=1000.0",0.4444444444444444
2,SVM,"C=10000000000.0, kernel=rbf, gamma=0.1",0.4814814814814814
3,SVM,"kernel=rbf, gamma=1000.0, C=100000.0",0.4285714285714285
4,SVM,"kernel=rbf, gamma=0.1, C=10000000.0",0.4642857142857142
5,SVM,"kernel=rbf, gamma=0.1, C=10000000.0",0.3928571428571427
6,SVM,"C=1000000000.0, kernel=rbf, gamma=10.0",0.375
