{
  "dark_noise": {
    "0": [
      2.0012732875329675e-05,
      7.897012828892507e-06,
      2.2603883280680748e-05,
      8.727614940021418e-06
    ],
    "1": [
      1.2689530421994277e-05,
      6.731487438881187e-06,
      2.0796078388229944e-05,
      9.216829142299962e-06
    ],
    "2": [
      2.0438878891582135e-05,
      8.28698357534728e-06,
      1.976492967514787e-05,
      8.32539275125047e-06
    ],
    "3": [
      2.2305709990178002e-05,
      1.2134317092701454e-05,
      2.2856700070406077e-05,
      8.535237752266495e-06
    ],
    "4": [
      1.8912431869466673e-05,
      9.13993597706842e-06,
      2.2969250039750477e-05,
      1.3036878589805482e-05
    ],
    "5": [
      1.2543762295535998e-05,
      7.499845175810782e-06,
      2.5017459392984165e-05,
      1.0374146771687227e-05
    ],
    "6": [
      2.1269249828037573e-05,
      8.798292843777474e-06,
      1.811570996324008e-05,
      1.1977344674417972e-05
    ],
    "7": [
      1.705505724203249e-05,
      7.5754932312783785e-06,
      2.0573386336764088e-05,
      1.1883805376875497e-05
    ],
    "8": [
      1.705505724203249e-05,
      7.5754932312783785e-06,
      2.0573386336764088e-05,
      1.1883805376875497e-05
    ],
    "9": [
      1.705505724203249e-05,
      7.5754932312783785e-06,
      2.0573386336764088e-05,
      1.1883805376875497e-05
    ],
    "10": [
      1.705505724203249e-05,
      7.5754932312783785e-06,
      2.0573386336764088e-05,
      1.1883805376875497e-05
    ],
    "11": [
      1.705505724203249e-05,
      7.5754932312783785e-06,
      2.0573386336764088e-05,
      1.1883805376875497e-05
    ],
    "12": [
      1.705505724203249e-05,
      7.5754932312783785e-06,
      2.0573386336764088e-05,
      1.1883805376875497e-05
    ],
    "13": [
      1.705505724203249e-05,
      7.5754932312783785e-06,
      2.0573386336764088e-05,
      1.1883805376875497e-05
    ],
    "14": [
      1.705505724203249e-05,
      7.5754932312783785e-06,
      2.0573386336764088e-05,
      1.1883805376875497e-05
    ]
  },
  "amplitudes": [
    [
      3.5247596770204837e-05,
      0.00023847112970543094
    ],
    [
      0.0031635252526029944,
      0.011334704468026757
    ],
    [
      0.00024030543499975465,
      0.0013486862007994205
    ],
    [
      0.005269471439532936,
      0.010289319325238466
    ],
    [
      0.07503704633563757,
      0.2838854491710663
    ],
    [
      0.006309931050054729,
      0.017702000914141536
    ],
    [
      0.17748748492501987,
      0.3944383899184628
    ],
    [
      0.38634016405118543,
      0.5999999999999999
    ],
    [
      0.035295840352773666,
      0.06968696136027575
    ],
    [
      0.27547916397452354,
      0.41579488664865494
    ],
    [
      0.011722136163133572,
      0.027933794389145117
    ],
    [
      0.45488268667545384,
      0.6
    ],
    [
      0.0024188518000300974,
      0.007039573974907398
    ],
    [
      0.005512022762559354,
      0.02022763481363654
    ],
    [
      0.008549787453375757,
      0.031789017375558615
    ],
    [
      0.005561619182117283,
      0.016469525871798396
    ]
  ],
  "signal_quality": [
    {
      "level": 1,
      "saturated": false,
      "xtalk": false
    },
    {
      "level": 3,
      "saturated": false,
      "xtalk": false
    },
    {
      "level": 1,
      "saturated": false,
      "xtalk": false
    },
    {
      "level": 3,
      "saturated": false,
      "xtalk": false
    },
    {
      "level": 3,
      "saturated": false,
      "xtalk": false
    },
    {
      "level": 3,
      "saturated": false,
      "xtalk": false
    },
    {
      "level": 3,
      "saturated": false,
      "xtalk": false
    },
    {
      "level": 3,
      "saturated": false,
      "xtalk": false
    },
    {
      "level": 3,
      "saturated": false,
      "xtalk": false
    },
    {
      "level": 3,
      "saturated": false,
      "xtalk": false
    },
    {
      "level": 3,
      "saturated": false,
      "xtalk": false
    },
    {
      "level": 3,
      "saturated": false,
      "xtalk": false
    },
    {
      "level": 2,
      "saturated": false,
      "xtalk": false
    },
    {
      "level": 3,
      "saturated": false,
      "xtalk": false
    },
    {
      "level": 3,
      "saturated": false,
      "xtalk": false
    },
    {
      "level": 3,
      "saturated": false,
      "xtalk": false
    }
  ],
  "coefficient_of_variation": [
    [
      41.56950957147282,
      6.480191489159105
    ],
    [
      1.2219665551221361,
      1.2420200405641495
    ],
    [
      3.983603619992793,
      0.7298436573294357
    ],
    [
      0.9423610109437234,
      0.9054923635658376
    ],
    [
      0.9487050570573801,
      1.082474175379555
    ],
    [
      0.2600316178117604,
      0.1781511786155046
    ],
    [
      1.2047096256914451,
      1.4487395471431836
    ],
    [
      0.7105512312141027,
      0.6585866305605582
    ],
    [
      1.7761814503085622,
      1.785900953697084
    ],
    [
      0.42669284749534253,
      0.3500922041453748
    ],
    [
      2.691351729515686,
      2.2907293320545383
    ],
    [
      0.2605770369874064,
      0.34486917992662475
    ],
    [
      0.780297979460333,
      0.7845120607519149
    ],
    [
      0.29442430324476104,
      0.24382334750284979
    ],
    [
      0.3413893484307245,
      0.5969893911819283
    ],
    [
      0.17454672526337628,
      0.26988344026035976
    ]
  ]
}