Model 1,Model 2,P-value,Statistic
ANN,CNN,2.5862257783968896e-07,171.0
ANN,SVM,1.4930470993636466e-19,23.0
ANN,Baseline,3.595660825803884e-05,179.0
ANN,Mean,2.155114300773376e-09,155.0
CNN,SVM,0.9653584535826497,264.0
CNN,Baseline,0.04476209415697338,44.0
CNN,Mean,0.5465332324978192,262.0
SVM,Baseline,0.42370994053740935,272.0
SVM,Mean,0.44820440284462576,214.0
Baseline,Mean,0.124352117291536,256.0
