Model,E_test_Accuracy
SVM,"{0: (0.5714285714285714, 7, array([[4, 0],
       [3, 0]])), 1: (0.5714285714285714, 7, array([[4, 0],
       [3, 0]])), 2: (0.5, 6, array([[1, 2],
       [1, 2]])), 3: (0.3333333333333333, 6, array([[2, 1],
       [3, 0]])), 4: (0.8333333333333334, 6, array([[2, 1],
       [0, 3]])), 5: (0.3333333333333333, 3, array([[0, 2],
       [0, 1]]))}"
ANN,"{0: (0.5714285969734192, 7, array([[3, 1],
       [2, 1]])), 1: (0.4285714328289032, 7, array([[0, 4],
       [0, 3]])), 2: (0.5, 6, array([[1, 2],
       [1, 2]])), 3: (0.5, 6, array([[2, 1],
       [2, 1]])), 4: (0.8333333134651184, 6, array([[2, 1],
       [0, 3]])), 5: (0.6666666865348816, 3, array([[2, 0],
       [1, 0]]))}"
Baseline,"{0: (0.5714285714285714, 7, array([[4, 0],
       [3, 0]])), 1: (0.5714285714285714, 7, array([[4, 0],
       [3, 0]])), 2: (0.5, 6, array([[3, 0],
       [3, 0]])), 3: (0.5, 6, array([[3, 0],
       [3, 0]])), 4: (0.5, 6, array([[3, 0],
       [3, 0]])), 5: (0.6666666666666666, 3, array([[2, 0],
       [1, 0]]))}"
CNN,"{0: (0.5714285969734192, 7, array([[4, 0],
       [3, 0]])), 1: (0.5714285969734192, 7, array([[4, 0],
       [3, 0]])), 2: (0.5, 6, array([[3, 0],
       [3, 0]])), 3: (0.6666666865348816, 6, array([[2, 1],
       [3, 0]])), 4: (0.1666666716337204, 6, array([[2, 1],
       [2, 1]])), 5: (1.0, 3, array([[1, 1],
       [1, 0]]))}"
