Model,E_test_Accuracy
Mean,"{0: (0.42857142857142855, 7), 1: (0.42857142857142855, 7), 2: (0.5, 6), 3: (0.5, 6), 4: (0.6666666666666666, 6), 5: (0.0, 2)}"
ANN,"{0: (0.7142857313156128, 7), 1: (0.7142857313156128, 7), 2: (0.5, 6), 3: (0.3333333432674408, 6), 4: (0.8333333134651184, 6), 5: (0.5, 2)}"
CNN,"{0: (0.4285714328289032, 7), 1: (0.5714285969734192, 7), 2: (0.5, 6), 3: (0.5, 6), 4: (0.5, 6), 5: (1.0, 2)}"
SVM,"{0: (0.5714285714285714, 7), 1: (0.5714285714285714, 7), 2: (0.5, 6), 3: (0.5, 6), 4: (1.0, 6), 5: (1.0, 2)}"
Baseline,"{0: (0.5714285714285714, 7), 1: (0.5714285714285714, 7), 2: (0.5, 6), 3: (0.5, 6), 4: (0.5, 6), 5: (1.0, 2)}"
PosNeg,"{0: (0.8571428571428571, 7), 1: (0.2857142857142857, 7), 2: (0.5, 6), 3: (0.6666666666666666, 6), 4: (0.6666666666666666, 6), 5: (0.0, 2)}"
