Model,E_test_Accuracy
SVM,"{0: (0.43333333333333335, 90, array([[30,  0],
       [51,  9]], dtype=int64)), 1: (0.6111111111111112, 90, array([[22,  8],
       [27, 33]], dtype=int64)), 2: (0.6363636363636364, 22, array([[7, 0],
       [8, 7]], dtype=int64)), 3: (0.6739130434782609, 46, array([[13,  6],
       [ 9, 18]], dtype=int64)), 4: (0.8555555555555555, 90, array([[19, 11],
       [ 2, 58]], dtype=int64))}"
ANN,"{0: (0.6777777777777778, 90, array([[27,  3],
       [26, 34]], dtype=int64)), 1: (0.6777777777777778, 90, array([[23,  7],
       [22, 38]], dtype=int64)), 2: (0.8181818181818182, 22, array([[ 7,  0],
       [ 4, 11]], dtype=int64)), 3: (0.717391304347826, 46, array([[13,  6],
       [ 7, 20]], dtype=int64)), 4: (0.8555555555555555, 90, array([[19, 11],
       [ 2, 58]], dtype=int64))}"
Baseline,"{0: (0.6666666666666666, 90, array([[ 0, 30],
       [ 0, 60]])), 1: (0.6666666666666666, 90, array([[ 0, 30],
       [ 0, 60]])), 2: (0.6818181818181818, 22, array([[ 0,  7],
       [ 0, 15]])), 3: (0.5869565217391305, 46, array([[ 0, 19],
       [ 0, 27]])), 4: (0.6666666666666666, 90, array([[ 0, 30],
       [ 0, 60]]))}"
CNN,"{0: (0.6888889074325562, 90, array([[ 4, 26],
       [ 4, 56]], dtype=int64)), 1: (0.6777777671813965, 90, array([[11, 19],
       [16, 44]], dtype=int64)), 2: (0.6818181872367859, 22, array([[ 4,  3],
       [10,  5]], dtype=int64)), 3: (0.5869565010070801, 46, array([[ 0, 19],
       [ 0, 27]], dtype=int64)), 4: (0.6666666865348816, 90, array([[ 0, 30],
       [ 0, 60]], dtype=int64))}"
