Model,E_test_Accuracy
SVM,"{0: (0.5714285714285714, 7), 1: (0.5714285714285714, 7), 2: (0.6666666666666666, 6), 3: (0.5, 6), 4: (0.5, 6), 5: (0.5, 2)}"
