Model,E_test_Accuracy
ANN,"{0: (0.6888888888888889, 90, array([[30,  0],
       [28, 32]], dtype=int64)), 1: (0.6666666666666666, 90, array([[23,  7],
       [23, 37]], dtype=int64)), 2: (0.8181818181818182, 22, array([[ 6,  1],
       [ 3, 12]], dtype=int64)), 3: (0.717391304347826, 46, array([[12,  7],
       [ 6, 21]], dtype=int64)), 4: (0.8666666666666667, 90, array([[20, 10],
       [ 2, 58]], dtype=int64))}"
Baseline,"{0: (0.6666666666666666, 90, array([[ 0, 30],
       [ 0, 60]])), 1: (0.6666666666666666, 90, array([[ 0, 30],
       [ 0, 60]])), 2: (0.6818181818181818, 22, array([[ 0,  7],
       [ 0, 15]])), 3: (0.5869565217391305, 46, array([[ 0, 19],
       [ 0, 27]])), 4: (0.6666666666666666, 90, array([[ 0, 30],
       [ 0, 60]]))}"
